{"cameraMode":{"drawMode":0,"name":"Shaded","section":"Shading Mode"},"sceneLighting":true,"audioPlay":false,"sceneViewState":{"m_AlwaysRefresh":false,"showFog":true,"showSkybox":true,"showFlares":true,"showImageEffects":true,"showParticleSystems":true,"showVisualEffectGraphs":true,"m_FxEnabled":true},"in2DMode":false,"pivot":{"x":593.2039184570313,"y":476.8182678222656,"z":-10.333915710449219},"rotation":{"x":-0.060279157012701038,"y":-0.005405176430940628,"z":0.00005333410808816552,"w":-0.9982424974441528},"size":480.1071472167969,"orthographic":false}